Date,T,V,P,F
1/1/1920,32,2.11,12.58,849
2/1/1920,36.43,3.94,3.63,562
3/1/1920,40.82,4.93,4.47,960
4/1/1920,43.38,6.6,0.86,743
5/1/1920,47.98,6.91,2.26,831
6/1/1920,58.51,12.37,0.57,456
7/1/1920,64.55,17.86,0,177
8/1/1920,62.15,16.63,0,108
9/1/1920,55.38,12.63,0.16,87.4
10/1/1920,43.94,6.25,3.54,81.5
11/1/1920,38.1,3.56,12.72,549
12/1/1920,32.17,2.29,10.51,549
1/1/1921,32,2.11,12.58,849
2/1/1921,36.43,3.94,3.63,562
3/1/1921,40.82,4.93,4.47,960
4/1/1921,43.38,6.6,0.86,743
5/1/1921,47.98,6.91,2.26,831
6/1/1921,58.51,12.37,0.57,456
7/1/1921,64.55,17.86,0,177
8/1/1921,62.15,16.63,0,108
9/1/1921,55.38,12.63,0.16,87.4
10/1/1921,50.71,9.68,1.17,81.2
11/1/1921,42.73,6.43,2.67,100
12/1/1921,36.41,3.43,10.19,194
1/1/1922,32,2.78,2.97,192
2/1/1922,32,2.08,14.37,422
3/1/1922,32.87,3.04,6.32,433
4/1/1922,39.5,5.52,1.02,933
5/1/1922,51.1,9.34,2.28,1570
6/1/1922,59.1,13.15,0.61,721
7/1/1922,66.31,19.11,0.06,210
8/1/1922,60.42,14.86,0.04,119
9/1/1922,60.63,16.18,0.01,89.4
10/1/1922,48.02,7.85,2.76,95.2
11/1/1922,37.82,4.64,5.38,129
12/1/1922,34.1,2.5,11.39,347
1/1/1923,32,2.72,5.19,309
2/1/1923,34.22,4.32,1.76,206
3/1/1923,40.63,6.13,0.53,362
4/1/1923,42.06,5.1,4.99,651
5/1/1923,50.22,8.6,0.83,482
6/1/1923,52.27,8.31,2.1,230
7/1/1923,62.95,16.33,0.23,125
8/1/1923,62.18,16.24,0.6,84.7
9/1/1923,58.63,13.17,2.49,75
10/1/1923,47.86,7.68,1.55,83.6
11/1/1923,44.63,6.82,0.86,78.7
12/1/1923,33.86,3.55,2.26,91.7
1/1/1924,32,3.82,3.04,107
2/1/1924,41,5.25,5.19,298
3/1/1924,36.19,4.11,2.5,122
4/1/1924,46.37,8.08,0.84,168
5/1/1924,56.4,12.97,0.05,101
6/1/1924,58.58,14.12,0.14,63.9
7/1/1924,64.1,18.22,0,62.7
8/1/1924,61.62,17.14,0.16,63.1
9/1/1924,58.34,15.2,0.34,55.6
10/1/1924,45.25,6.48,5.22,77.6
11/1/1924,40.07,5.04,3.66,137
12/1/1924,32,2.93,5.97,140
1/1/1925,33.3,2.99,2.36,155
2/1/1925,37.17,3.31,11.89,754
3/1/1925,40.56,5.62,3.42,378
4/1/1925,44.66,5.92,3.93,534
5/1/1925,50.54,7.71,2.02,422
6/1/1925,57.89,12.11,1.46,192
7/1/1925,65.84,17.65,0.23,113
8/1/1925,60.88,14.89,0.86,92.8
9/1/1925,51.61,9.47,2.29,80.3
10/1/1925,46.98,8.12,1.79,89.3
11/1/1925,38.67,4.44,3.73,115
12/1/1925,37.59,4.24,2.53,139
1/1/1926,33.35,3.64,6.01,156
2/1/1926,36.44,3.23,10.64,619
3/1/1926,45.13,7.62,0.4,408
4/1/1926,48.89,7.12,7.79,862
5/1/1926,50.97,8.95,2,324
6/1/1926,62.75,17.35,0.01,139
7/1/1926,65.82,19.16,0.12,94.4
8/1/1926,62.23,17.97,0.15,78.1
9/1/1926,54,12.73,0.05,74
10/1/1926,50.29,9.36,2.43,80.6
11/1/1926,43.56,5.03,15.14,448
12/1/1926,32,2.59,2.01,299
1/1/1927,32.66,2.66,6.6,369
2/1/1927,33.8,1.96,13.91,1270
3/1/1927,37.46,4.27,4.08,782
4/1/1927,41.36,5.37,4.11,931
5/1/1927,47.69,7.6,1.47,750
6/1/1927,57.2,11.71,0.86,382
7/1/1927,64.9,18.05,0.01,164
8/1/1927,60.92,16.38,0.08,108
9/1/1927,53.8,11.44,0.28,86.1
10/1/1927,49.23,9.02,2.23,83
11/1/1927,41.43,4.03,9.75,291
12/1/1927,32,2.83,3.8,187
1/1/1928,33.65,3.32,3.62,229
2/1/1928,35.61,3.98,3.89,365
3/1/1928,40.23,4.12,12.27,1410
4/1/1928,41.64,5.44,2.9,727
5/1/1928,56.49,12.04,0.37,440
6/1/1928,57.23,12.81,0.4,163
7/1/1928,66.04,19.35,0,118
8/1/1928,64.71,19.97,0,86.8
9/1/1928,58.18,15.41,0.16,72.3
10/1/1928,48.23,8.71,0.63,73.6
11/1/1928,38.58,4.39,5.03,92.8
12/1/1928,32,2.82,4.66,118
1/1/1929,32,2.97,2.69,101
2/1/1929,32,3.56,3.88,185
3/1/1929,37.94,4.71,2.86,259
4/1/1929,38.42,4.66,3.35,268
5/1/1929,51.4,10.16,0.13,350
6/1/1929,55.81,10.41,3.24,177
7/1/1929,64.45,18.22,0,91.2
8/1/1929,65.1,19.66,0,66.4
9/1/1929,56.07,14.07,0,62.3
10/1/1929,51.04,10.88,0.36,59.4
11/1/1929,44.26,8.99,0,57.4
12/1/1929,38.72,4.2,16.77,890
1/1/1930,32,2.21,8.06,326
2/1/1930,37.83,4.19,4.81,420
3/1/1930,40,5.2,4.15,618
4/1/1930,44.64,6.26,3.54,650
5/1/1930,45.72,6.22,2.74,452
6/1/1930,59.65,14.47,0,209
7/1/1930,65.18,18.37,0.01,115
8/1/1930,62.92,17.34,0.06,85
9/1/1930,54.64,10.99,1.91,70.2
10/1/1930,48.79,8.78,0.5,71.5
11/1/1930,40.2,5.89,3.53,102
12/1/1930,32.2,3.81,1.15,83.4
1/1/1931,32.72,3.15,5.46,148
2/1/1931,36.27,3.4,3.15,146
3/1/1931,40.9,5.71,3.59,280
4/1/1931,47.19,7.74,1.44,202
5/1/1931,56.1,11.54,2.24,143
6/1/1931,57.07,11,1.25,88.7
7/1/1931,70.87,23.07,0.01,68.4
8/1/1931,67.11,21.16,0.03,57.8
9/1/1931,55.8,12.77,0.42,52.5
10/1/1931,49.45,9,3.44,78.6
11/1/1931,36.42,3.96,4.35,81.9
12/1/1931,32,1.96,11.51,264
1/1/1932,32,2.22,5.09,237
2/1/1932,32,3.03,2.76,210
3/1/1932,40.18,5.03,2.29,554
4/1/1932,41.4,5.38,3.74,606
5/1/1932,50.26,8.12,3.5,681
6/1/1932,60.33,14.16,0.57,326
7/1/1932,63.98,17.3,0.05,129
8/1/1932,64.2,18.64,0.01,83.7
9/1/1932,63.61,18.86,0.02,73.2
10/1/1932,50.24,9.98,0.32,69.9
11/1/1932,45.56,6.93,1.64,73.1
12/1/1932,32,2.35,4.19,84.6
1/1/1933,32,2.17,8.79,147
2/1/1933,32,2.9,1.48,88.9
3/1/1933,37.55,4.14,5.31,261
4/1/1933,43.93,7.09,1.02,343
5/1/1933,44.43,5.86,3.33,398
6/1/1933,57.92,12.57,0.05,295
7/1/1933,68.25,21.03,0.07,106
8/1/1933,66.4,20.41,0.05,71.3
9/1/1933,56.75,13.89,0.4,61.7
10/1/1933,56.89,13.3,3.91,67.1
11/1/1933,43.73,7.31,0.33,68
12/1/1933,34.37,2.77,10.25,205
1/1/1934,37.88,4.27,3.2,278
2/1/1934,39,3.84,6.35,314
3/1/1934,48.32,8.5,2.35,372
4/1/1934,50.03,9.53,1.35,264
5/1/1934,54.18,10.09,1.62,156
6/1/1934,57.2,10.99,1.69,99.2
7/1/1934,65.11,18.25,0,75
8/1/1934,68.2,21.3,0.19,64.6
9/1/1934,61.5,16.39,0.96,53.9
10/1/1934,50.86,8.92,2.3,62.8
11/1/1934,40.52,3.97,8.17,140
12/1/1934,35.05,3.02,4.62,139
1/1/1935,32,2.28,9.11,276
2/1/1935,35.14,3.27,3.43,240
3/1/1935,32.85,3.51,7.35,347
4/1/1935,42.16,4.87,9.3,1380
5/1/1935,50.9,9.26,0.92,962
6/1/1935,60.05,14.77,0,401
7/1/1935,62.46,15.93,0.03,149
8/1/1935,67.25,20.17,0.22,96.3
9/1/1935,61.77,17.37,0.16,76.9
10/1/1935,47.73,8.05,2.25,79.7
11/1/1935,36.75,4.39,1.69,78.4
12/1/1935,34.43,3.55,4.81,102
1/1/1936,34.7,3.08,12.19,663
2/1/1936,33.51,2.78,14.14,944
3/1/1936,41.05,6.08,2.56,601
4/1/1936,46.53,7.36,3.33,719
5/1/1936,52.58,9.45,1.49,521
6/1/1936,57.86,11.42,2.2,278
7/1/1936,66.61,18.72,0.05,130
8/1/1936,65.9,19.36,0.09,93.3
9/1/1936,60.01,15.44,0.67,81
10/1/1936,52.23,10.88,0.17,69.5
11/1/1936,43.93,8.37,0.09,69.1
12/1/1936,33.67,3.19,4.43,77.5
1/1/1937,32,1.51,6.38,92.3
2/1/1937,32,2.4,11.09,252
3/1/1937,36.69,3.56,8.44,505
4/1/1937,40.76,5.13,3.2,705
5/1/1937,53.84,11.36,0.47,784
6/1/1937,57.8,11.54,2.28,319
7/1/1937,65.91,18.86,0.28,132
8/1/1937,64.42,19,0,89.2
9/1/1937,60.6,16.09,0,71.5
10/1/1937,49.72,9.15,3.45,76.9
11/1/1937,40.49,4.38,11.97,337
12/1/1937,37.31,3.92,11,1130
1/1/1938,35.31,3.43,5.16,346
2/1/1938,32,1.95,18.94,748
3/1/1938,33.4,2.27,12.18,1370
4/1/1938,42.72,5.23,3.03,1500
5/1/1938,51.58,9.2,0.85,1700
6/1/1938,60.28,13.94,0.43,828
7/1/1938,66.59,18.25,0.45,293
8/1/1938,64.8,18.74,0,158
9/1/1938,61.17,15.54,0.64,117
10/1/1938,47.88,7.34,2.92,114
11/1/1938,37.71,4.87,2.14,122
12/1/1938,36.71,3.69,2.09,141
1/1/1939,34.35,3.49,4.39,144
2/1/1939,32,2.98,2.6,130
3/1/1939,40.13,4.76,4.77,328
4/1/1939,49.5,9.13,0.4,364
5/1/1939,52.69,9.74,2.77,194
6/1/1939,57.54,12.84,0.25,109
7/1/1939,66.99,19.4,0.3,81.5
8/1/1939,67.44,20.95,0.06,67
9/1/1939,60.52,14.39,0.75,62.5
10/1/1939,49.24,8.88,2.36,69
11/1/1939,43.33,7.22,0.52,65.7
12/1/1939,38.61,4.06,4.72,123
1/1/1940,35.15,2.89,15.11,675
2/1/1940,35.82,2.48,17.21,1220
3/1/1940,41.06,5.01,11.29,1500
4/1/1940,45.5,6.2,1.34,977
5/1/1940,54.52,10.43,1.54,498
6/1/1940,63.8,17.14,0.28,226
7/1/1940,64.12,16.99,0.02,132
8/1/1940,66.67,20.53,0.03,101
9/1/1940,55.36,11.04,1.1,88.1
10/1/1940,50.38,8.31,3.04,101
11/1/1940,38.68,4.23,4.2,152
12/1/1940,36.75,3.42,15.03,660
1/1/1941,34.18,2.39,10.7,686
2/1/1941,37.23,2.85,10.9,1100
3/1/1941,41.08,5.09,5.17,949
4/1/1941,41.77,4.89,5.75,839
5/1/1941,51.17,7.79,3.64,1060
6/1/1941,55.76,10.13,1.05,451
7/1/1941,67.18,18.64,0.53,219
8/1/1941,61.53,13.75,0.16,145
9/1/1941,55.69,12.34,0.38,120
10/1/1941,47.66,7.81,1.45,106
11/1/1941,42.58,5.14,3.93,139
12/1/1941,33.53,2.15,17.09,817
1/1/1942,32.61,2.93,9.51,892
2/1/1942,32,2.56,10.11,1060
3/1/1942,37.46,4.76,2.35,483
4/1/1942,42,4.87,7.86,1070
5/1/1942,46.14,5.99,5.29,923
6/1/1942,57.21,11.75,0.09,637
7/1/1942,67.01,19.15,0,253
8/1/1942,65,18.86,0,152
9/1/1942,59.42,14.98,0.04,120
10/1/1942,52.37,10.57,0.38,108
11/1/1942,39.88,4.6,8.16,214
12/1/1942,35.29,2.78,7.07,405
1/1/1943,33.82,3.12,14.48,986
2/1/1943,36.69,3.55,3.73,585
3/1/1943,39.01,4.1,7.72,1180
4/1/1943,46.06,5.97,3.4,892
5/1/1943,51.7,9.4,0.79,529
6/1/1943,52.52,8.9,2.57,321
7/1/1943,64.93,18.1,0.45,172
8/1/1943,61.57,15.95,0,124
9/1/1943,63.44,17.68,0.01,104
10/1/1943,48.61,7.85,1.56,93.3
11/1/1943,41.99,5.63,2.06,108
12/1/1943,34.59,3.2,2.88,118
1/1/1944,32.44,2.75,5.56,159
2/1/1944,32.82,2.53,8.89,247
3/1/1944,37.97,4.49,4.69,400
4/1/1944,39.56,4.08,3.5,478
5/1/1944,50.59,7.97,1.33,608
6/1/1944,53.59,8.57,1.63,274
7/1/1944,64.19,16.49,0.61,211
8/1/1944,64.25,18.58,0.01,97.5
9/1/1944,62.55,17.85,0.18,78.3
10/1/1944,52.92,9.8,2.46,81.8
11/1/1944,36.24,2.57,9.34,217
12/1/1944,36.4,3.14,6.03,295
1/1/1945,33.94,3.19,1.47,214
2/1/1945,36.16,3.14,10.96,780
3/1/1945,34.2,3.39,5.51,392
4/1/1945,44.02,6.76,1.16,527
5/1/1945,49.04,6.58,4.02,617
6/1/1945,58.24,11.78,1.44,276
7/1/1945,69.06,20.06,0.23,143
8/1/1945,65.43,18.49,0.04,107
9/1/1945,62.15,16.84,0.19,85.8
10/1/1945,52.69,8.9,5.5,121
11/1/1945,37.24,2.84,7.51,222
12/1/1945,32.88,2.06,14.35,851
1/1/1946,32.68,3.18,2.44,483
2/1/1946,32,2.88,4.11,250
3/1/1946,37.74,4.05,4.33,460
4/1/1946,46.27,7.48,0.38,673
5/1/1946,52.53,9.63,1,569
6/1/1946,56.14,11.73,0,228
7/1/1946,66.39,17.89,0.71,135
8/1/1946,66.69,20.31,0,106
9/1/1946,58.98,14.85,0.37,86.8
10/1/1946,45.49,7.02,1.17,81.4
11/1/1946,37.84,3.88,7.74,204
12/1/1946,36.25,3,4.6,214
1/1/1947,32.33,3.75,1.3,117
2/1/1947,39.75,4.56,5.3,359
3/1/1947,42.04,5.08,8.02,515
4/1/1947,46.86,7.25,1.71,419
5/1/1947,56.13,12.01,0.63,212
6/1/1947,56.5,10.45,2.66,165
7/1/1947,62.42,16.05,0,93.2
8/1/1947,61.7,16.19,0.17,81.2
9/1/1947,60.91,17.06,0.12,71.2
10/1/1947,48.79,7.05,6.74,140
11/1/1947,37.12,3.95,1.72,122
12/1/1947,33.9,3.01,1.38,96.9
1/1/1948,37.9,4.66,6.42,404
2/1/1948,32,3.03,2.61,140
3/1/1948,33.54,3.11,8.29,272
4/1/1948,38.35,3.39,11.75,934
5/1/1948,46.65,6.31,3.37,838
6/1/1948,57.68,10.52,1.45,533
7/1/1948,63.52,16.67,0.02,181
8/1/1948,62.43,16.46,0.04,107
9/1/1948,58.9,15.68,0.35,85.8
10/1/1948,50.85,9.2,0.92,80.3
11/1/1948,39.22,4.76,3.82,112
12/1/1948,32,1.7,5.77,137
1/1/1949,32,2.23,1.86,101
2/1/1949,32,2.14,5.51,146
3/1/1949,35.28,2.54,8.14,453
4/1/1949,47.61,8.17,0.4,638
5/1/1949,51.08,7.71,2.27,504
6/1/1949,60.53,14.25,0.14,179
7/1/1949,65.69,18.43,0.01,99.5
8/1/1949,62.18,15.19,0.41,80.3
9/1/1949,60.84,15.68,0.2,65.1
10/1/1949,49.35,9.5,0.24,59.6
11/1/1949,46.42,7.88,3.25,80.6
12/1/1949,32.21,3.31,2.72,77.4
1/1/1950,32,1.77,12.85,333
2/1/1950,35.7,3.48,7.24,568
3/1/1950,36.61,3.81,6.43,557
4/1/1950,45.47,7.37,3.66,834
5/1/1950,51.74,10.19,2.41,698
6/1/1950,57.69,12.37,0.73,318
7/1/1950,68.39,19.68,0.03,138
8/1/1950,66.99,20.27,0.24,98.1
9/1/1950,59.29,13.59,0.72,79.4
10/1/1950,50.67,8.24,7.71,178
11/1/1950,44.37,4.71,11.43,767
12/1/1950,39.91,3.06,9.71,1090
1/1/1951,32,2.34,8.97,668
2/1/1951,34.44,2.88,6.28,768
3/1/1951,37.16,5.08,2.85,522
4/1/1951,47.72,7.23,2.31,601
5/1/1951,51.67,8.43,2.5,546
6/1/1951,61.6,14.28,0.08,230
7/1/1951,66.71,19.46,0,134
8/1/1951,65.27,18.7,0.38,101
9/1/1951,63.33,17.7,0.11,86
10/1/1951,48.14,7.59,4.6,108
11/1/1951,39.66,4.2,7.63,191
12/1/1951,32,2.05,14.8,644
1/1/1952,32,1.49,14.73,532
2/1/1952,32.15,2.54,8.53,830
3/1/1952,32,2.59,7.78,677
4/1/1952,44.79,6.17,1.47,1830
5/1/1952,52.97,9.78,1.75,1690
6/1/1952,55.26,9.95,1.68,820
7/1/1952,69.15,18.48,0.86,336
8/1/1952,65.33,17.94,0.06,176
9/1/1952,61.76,14.95,0.49,128
10/1/1952,56.16,12.4,0.36,107
11/1/1952,37.81,4.9,2.95,110
12/1/1952,32,1.84,13.32,275.5
1/1/1953,37.02,2.85,12.95,1260
2/1/1953,36.69,4.59,0.44,352
3/1/1953,37.66,4.36,5.65,443
4/1/1953,42.3,5.66,5.41,738
5/1/1953,44.13,5.42,3.88,793
6/1/1953,53.23,8.84,1.28,620
7/1/1953,67.41,19.71,0.06,254
8/1/1953,62.34,15.4,0.49,143
9/1/1953,64.43,17.07,0.02,120
10/1/1953,49.98,8.98,2.04,108
11/1/1953,41.76,4,5.76,194
12/1/1953,36.82,4.06,1.91,168
1/1/1954,32.95,2.48,10.4,321
2/1/1954,39.71,5.09,7.88,504
3/1/1954,35.42,3.66,7.17,766
4/1/1954,47.8,7.32,5.23,1020
5/1/1954,55.37,11.54,0.09,559
6/1/1954,56.36,11.25,1.89,241
7/1/1954,66.9,18.79,0,145
8/1/1954,61.37,15.78,0.3,108
9/1/1954,57.78,14.28,0.31,96
10/1/1954,50.06,9.67,0.35,89
11/1/1954,43,5.58,5.26,148
12/1/1954,32.33,2.64,7.33,220
1/1/1955,32,2.17,5.21,187
2/1/1955,32,3.46,3.25,159
3/1/1955,36.58,4.84,1.76,277
4/1/1955,37.67,4.2,5.37,347
5/1/1955,50.95,9.26,0.86,537
6/1/1955,58.51,12.33,0.37,231
7/1/1955,62.77,15.31,0.16,115
8/1/1955,67.01,21.46,0,84.9
9/1/1955,60.47,16.76,0.97,77.1
10/1/1955,52.57,10.33,1.19,74.1
11/1/1955,38.81,4.34,5.01,111
12/1/1955,34.26,1.81,25.47,1960
1/1/1956,32.88,1.62,14.94,1370
2/1/1956,32,2.87,10.27,748
3/1/1956,37.66,4.94,0.73,717
4/1/1956,43.13,5.36,2.45,898
5/1/1956,50.99,7.33,3.51,1060
6/1/1956,59.06,13.08,0.37,513
7/1/1956,66.83,17.58,0.31,261
8/1/1956,63.41,16.62,0.04,142
9/1/1956,60.39,14.58,1.12,120
10/1/1956,47.23,6.5,5.38,142
11/1/1956,41.61,6.28,0.27,136
12/1/1956,35.64,4.39,1.17,124
1/1/1957,32,2.26,6.01,155
2/1/1957,36.73,2.74,10.04,649
3/1/1957,38.45,3.37,5.65,708
4/1/1957,44.04,5.75,3.2,447
5/1/1957,49.32,5.97,6.92,635
6/1/1957,61.53,14.27,0.18,290
7/1/1957,64.94,16.77,0,136
8/1/1957,62.22,16.67,0,104
9/1/1957,61.09,14.8,2.48,97.8
10/1/1957,46.2,4.75,4.34,153.8
11/1/1957,38.23,3.93,3.02,176.2
12/1/1957,36.17,3.25,7.81,341.3
1/1/1958,34.35,2.79,8.42,391.9
2/1/1958,37.25,2.11,15.31,1434.8
3/1/1958,33.03,2.38,9.95,851.7
4/1/1958,41.94,5.01,5.8,1145.9
5/1/1958,53.92,9.52,1.4,1275.3
6/1/1958,57.18,9.17,2.75,663.4
7/1/1958,65.74,15.68,1.34,265.1
8/1/1958,69.45,18.69,0.47,159.7
9/1/1958,61.34,15.74,0.54,111
10/1/1958,55.01,12,0.8,104.7
11/1/1958,42,5.01,1.89,118.6
12/1/1958,40.67,4.77,2.85,131.3
1/1/1959,36.12,3.1,10.17,417.6
2/1/1959,33.15,2.54,9.98,459.4
3/1/1959,41.77,6.09,2.11,427.4
4/1/1959,49.2,9.18,1.08,435.8
5/1/1959,48.15,7.28,1.63,301
6/1/1959,61.33,14.51,0.07,159
7/1/1959,69.42,21.29,0.04,118.1
8/1/1959,64.7,18.52,0.28,89.9
9/1/1959,57.16,12.49,3.17,88.4
10/1/1959,53.69,11.14,0.07,79.73
11/1/1959,44.33,8.16,0,72.06
12/1/1959,35.6,4.62,2.61,103.89
1/1/1960,32,1.82,9,153.01
2/1/1960,33.52,2.92,10.97,687.86
3/1/1960,41.17,4.98,8.14,757.81
4/1/1960,43.68,5.89,2.36,501.65
5/1/1960,48.35,7.84,2.37,379.69
6/1/1960,63.96,17,0,218.53
7/1/1960,69.66,21.14,0.2,113.54
8/1/1960,65.07,19.9,0.01,80.63
9/1/1960,61.65,17.01,0.29,74.2
10/1/1960,49.83,9.1,0.93,71.78
11/1/1960,37.88,3.1,8.99,147.12
12/1/1960,34.43,3.39,3.63,199.89
1/1/1961,36.94,4.69,3.08,159.95
2/1/1961,37.12,3.12,5.82,395.83
3/1/1961,36.67,3.28,6.61,361.26
4/1/1961,44.42,6.87,2.43,388.16
5/1/1961,47.3,6.52,2.48,403.01
6/1/1961,63.47,15.79,0.82,231.73
7/1/1961,67.35,19.51,0.06,112.72
8/1/1961,66.11,16.25,0.64,94.18
9/1/1961,56.98,13.82,0.34,71.52
10/1/1961,48.82,8.69,1.17,69.69
11/1/1961,39.06,4.95,4.12,94.61
12/1/1961,32.85,2.64,5.56,169.06
1/1/1962,32.68,4.04,3.85,132.73
2/1/1962,32,1.83,16.95,696.39
3/1/1962,32.53,2.94,5.87,424.78
4/1/1962,47.52,8.44,1.22,867.76
5/1/1962,47.07,6.24,1.37,579.22
6/1/1962,58.08,13.34,0.46,317.69
7/1/1962,64.99,17.76,0.19,139.08
8/1/1962,63.93,17.65,0.31,91.84
9/1/1962,61.7,16.77,0.31,75.89
10/1/1962,50.72,7.95,16.08,855.3
11/1/1962,42.71,4.93,2.88,185.61
12/1/1962,38.4,3.79,5.47,486.77
1/1/1963,33.28,4.35,4.91,389.2
2/1/1963,43.13,4.08,6.42,1081.93
3/1/1963,36.17,3.99,6.88,407.9
4/1/1963,36.38,3.05,10.24,1266.99
5/1/1963,51.84,7.43,2.41,903.42
6/1/1963,56.14,9.46,1.22,316.53
7/1/1963,62.14,16.16,0.01,163.81
8/1/1963,63.52,17.58,0.08,104.47
9/1/1963,61.72,13.98,1.01,104.43
10/1/1963,51.54,8.19,2.99,112.13
11/1/1963,39.08,3.29,9.48,310.54
12/1/1963,36.64,3.45,0.9,155.8
1/1/1964,32.03,2.54,8.05,265.9
2/1/1964,34.84,4.68,0.51,192.33
3/1/1964,35.56,4.23,3.31,240.63
4/1/1964,42.66,6.25,1.2,416.33
5/1/1964,47.57,7.43,2.53,403.67
6/1/1964,55.39,9.94,1.99,224.93
7/1/1964,65.67,17.54,0.07,124.1
8/1/1964,65.62,18.87,0.01,82.5
9/1/1964,57.79,14.27,0.47,59.17
10/1/1964,54.7,11.76,1,68.9
11/1/1964,35.6,2.91,7.9,152.4
12/1/1964,34.76,2,21.27,1997.2
1/1/1965,33.22,2.04,11.68,1199.1
2/1/1965,36.12,4.36,1.58,509.6
3/1/1965,38.69,4.88,2.94,504.2
4/1/1965,43.15,4.43,6.06,1004.5
5/1/1965,49.15,8.55,0.47,728.4
6/1/1965,56.74,10.93,0.9,357.9
7/1/1965,64.89,17.74,0.27,173.4
8/1/1965,63.06,14.63,2.33,145.7
9/1/1965,55.04,12.47,0.37,70.42
10/1/1965,54.23,12.46,0.21,93.1
11/1/1965,39.62,3.47,9.7,224.1
12/1/1965,32,2.56,5.11,163.5
1/1/1966,32,2.63,5.81,265.8
2/1/1966,32,3.04,3.58,198.9
3/1/1966,38.92,4.91,2.44,435.9
4/1/1966,48.26,9.18,2.27,661.8
5/1/1966,55.8,12.02,0.5,401.4
6/1/1966,58.03,13.19,0.16,151.3
7/1/1966,63.17,17.62,0.06,106.3
8/1/1966,67.42,20.97,0.07,85.6
9/1/1966,60.44,14.96,0.17,68
10/1/1966,52.16,11.37,0,61.1
11/1/1966,41.16,4.24,11.8,273.2
12/1/1966,33.93,2.37,8.37,481.2
1/1/1967,34.1,2.81,15.1,748.5
2/1/1967,37.6,4.59,1.35,559.4
3/1/1967,35.52,3.43,9.35,879.9
4/1/1967,32.58,2.4,7.24,609.4
5/1/1967,50.31,8.68,1.57,1264.8
6/1/1967,56.33,9.37,2.62,890.7
7/1/1967,67.32,18.74,0.13,279.2
8/1/1967,69.51,21.01,0.19,134.7
9/1/1967,62.59,15.39,0.35,100.9
10/1/1967,51.36,10.39,1.91,116.1
11/1/1967,44.13,5.53,3.73,120.8
12/1/1967,32,2.58,5.49,166.8
1/1/1968,32,2.92,10.17,319.9
2/1/1968,38.66,2.95,6.4,796.9
3/1/1968,39.68,4.78,4.7,583.2
4/1/1968,44.44,7.45,0.44,465.6
5/1/1968,49.75,8.57,1.35,378.6
6/1/1968,60.57,14.74,0.52,186.5
7/1/1968,67.41,19.32,0.01,130.4
8/1/1968,60.86,13.59,1.73,114.5
9/1/1968,60.28,15.76,0.11,79.2
10/1/1968,49.7,8.9,3.4,114.3
11/1/1968,39.67,3.49,5.46,160.5
12/1/1968,32,2.11,10.78,307.9
1/1/1969,32,2.24,20.72,1635.2
2/1/1969,32,1.63,11.6,732.5
3/1/1969,35.04,3.85,2.17,600.2
4/1/1969,42.3,5.54,3.46,1196.1
5/1/1969,54.84,10.58,0.21,1340.7
6/1/1969,57.89,9.73,1.56,559.6
7/1/1969,66.6,18.24,0.09,207.8
8/1/1969,66.23,21.64,0,115.8
9/1/1969,61.8,15.92,0.01,98.3
10/1/1969,46.13,7.28,2.91,115.5
11/1/1969,42.56,6.08,2.48,130.2
12/1/1969,36.18,3.14,13.71,823.8
1/1/1970,34.9,2.55,21.54,2470.5
2/1/1970,38.82,4.31,3.65,654.1
3/1/1970,39.62,5.16,4.06,677.9
4/1/1970,39.37,5.59,1.36,361
5/1/1970,52.67,10.25,0.62,422.8
6/1/1970,59.59,12.49,1.64,260.8
7/1/1970,67.65,19.22,0.02,150.6
8/1/1970,66.41,20.36,0.02,104.6
9/1/1970,58.47,15.58,0.04,97.3
10/1/1970,48.92,9.31,2.54,99.3
11/1/1970,40.89,3.46,11.8,347.8
12/1/1970,32,1.58,12.36,551.4
1/1/1971,32.66,2.74,4.9,490.5
2/1/1971,34.55,3.62,0.62,375.2
3/1/1971,35.8,3.6,9.06,1009.4
4/1/1971,41.34,5.22,2.41,885.1
5/1/1971,47.45,5.78,2.87,1040.6
6/1/1971,56.06,10.36,1.96,693.8
7/1/1971,67.12,18.02,0.28,241.5
8/1/1971,68.11,20.25,0.16,112.8
9/1/1971,57.64,14.7,1.17,111
10/1/1971,46.52,7.8,0.65,115
11/1/1971,38.72,4.18,3.71,140.2
12/1/1971,32,1.8,8.38,217.3
1/1/1972,32,2.73,3.69,263.9
2/1/1972,36.14,3.14,5.18,347.8
3/1/1972,43.67,5.73,2.38,708.2
4/1/1972,41.9,5.84,4.12,527.3
5/1/1972,52.36,9.77,1.4,426.6
6/1/1972,60.54,13.73,0.59,204.7
7/1/1972,67.09,20.1,0,112.4
8/1/1972,65.67,18.82,0.17,80.9
9/1/1972,55.91,12.23,1.82,88.6
10/1/1972,47.85,6.38,3.79,123.2
11/1/1972,36.91,2.83,7.05,210.4
12/1/1972,32,2.39,5.56,339.1
1/1/1973,32,2.34,13.32,745.2
2/1/1973,35.1,2.56,9.54,596.9
3/1/1973,34.49,3.17,4.01,628.5
4/1/1973,44.08,6.87,0.69,686.6
5/1/1973,55.49,10.82,0.92,782.7
6/1/1973,61.25,14.31,0.27,285.8
7/1/1973,67.26,18.67,0.28,138.2
8/1/1973,64.67,17.97,0.37,107
9/1/1973,58.41,13.81,1.34,97
10/1/1973,48.65,8.53,3.9,139.44
11/1/1973,35.77,2.29,16.51,1041.44
12/1/1973,35.18,2.71,9.31,713.43
1/1/1974,32,2.75,9.96,1488.82
2/1/1974,33.94,3.74,4.16,444.15
3/1/1974,38.01,3.39,14.29,1559.47
4/1/1974,41.31,5.29,3.12,1131.33
5/1/1974,51.59,9.85,0.35,882.01
6/1/1974,61.46,14.87,0.3,504.34
7/1/1974,64.42,16.44,2.02,242.9
8/1/1974,65.11,18.53,0.31,126.54
9/1/1974,63.43,19.5,0,89
10/1/1974,51.52,10.19,1.72,113.62
11/1/1974,40.72,4.29,2.51,123.09
12/1/1974,33.56,2.91,4.34,154.73
1/1/1975,33.62,3.5,2.76,182.11
2/1/1975,33.12,2.55,13.96,536.04
3/1/1975,34.64,2.99,10.49,864.15
4/1/1975,35.23,3.68,3.96,610.52
5/1/1975,51.19,9.69,0.65,1158.58
6/1/1975,58.59,13.34,0.64,662.17
7/1/1975,65.02,16.57,0.24,202.25
8/1/1975,61.76,15.84,1.43,127
9/1/1975,62.88,16.59,0.43,119.88
10/1/1975,46.53,7.01,5.54,151.04
11/1/1975,38.1,4.63,2.28,180.39
12/1/1975,37.6,3.9,1.88,145.41
1/1/1976,35.9,4.39,0.76,129.67
2/1/1976,35.9,3.86,4.52,181.47
3/1/1976,37.12,4.97,2.38,264.93
4/1/1976,40.89,5.41,2.12,222.22
5/1/1976,53.95,11.38,0.06,183.8
6/1/1976,56.4,13.06,0.32,112.98
7/1/1976,66.27,18.07,0.29,97.8
8/1/1976,59.12,12.06,2.28,111.23
9/1/1976,59.21,13.03,1.37,68.52
10/1/1976,51.49,9.94,0.3,63.52
11/1/1976,45.69,7.5,1.27,71.48
12/1/1976,36.9,5.58,0.31,68.18
1/1/1977,32.55,3.49,2.97,90.13
2/1/1977,39.72,5.54,2.78,93.89
3/1/1977,34.97,4.42,2.38,91.64
4/1/1977,47.92,9.11,0.56,99.94
5/1/1977,43.62,5.13,3.35,125.47
6/1/1977,63.7,14.83,0.59,92.34
7/1/1977,65.91,19.16,0.09,74.1
8/1/1977,66.97,19.91,0.24,62
9/1/1977,57.76,13.55,2.55,61.77
10/1/1977,51.75,10.23,0.5,57.22
11/1/1977,41.13,5.29,3.82,82.73
12/1/1977,37.15,3.21,9.8,320.4
1/1/1978,35.27,2.31,17.43,1113.98
2/1/1978,36.11,3.16,7.74,618.46
3/1/1978,43.04,4.92,8.44,1120.09
4/1/1978,41.08,4.58,7.35,792.1
5/1/1978,50.66,9.34,1.48,741.89
6/1/1978,57.61,12.75,0.6,438.35
7/1/1978,65.5,17.54,0.28,194.31
8/1/1978,64.47,18.59,0.25,92.45
9/1/1978,55.51,11.32,2.31,113.22
10/1/1978,54.59,12.33,0,63.26
11/1/1978,36.89,4.29,2.86,123.33
12/1/1978,32,3.24,2.18,101.01
1/1/1979,32,2.61,6.99,235.04
2/1/1979,33.31,2.9,10.68,300.9
3/1/1979,39.42,4.5,5.4,493.12
4/1/1979,42.64,5.61,3.15,505.36
5/1/1979,53.25,10.46,2.25,669.78
6/1/1979,58.76,15.67,0.1,222.08
7/1/1979,64.1,17.15,0.38,133.59
8/1/1979,62.36,15.61,0.86,96.55
9/1/1979,62.13,16.66,0.22,78.65
10/1/1979,50.85,8.52,5.85,148.61
11/1/1979,38.6,4.5,4.1,144.29
12/1/1979,36.84,4.41,7.45,196.28
1/1/1980,35.57,3.1,11.97,1447.38
2/1/1980,38.63,3.41,12.81,1158.06
3/1/1980,36.52,4.16,3.5,650.49
4/1/1980,45.16,6.67,2.79,579.84
5/1/1980,48.96,7.36,2.07,565.17
6/1/1980,53.82,10.08,1.08,282.35
7/1/1980,65.27,16.47,0.65,158.49
8/1/1980,62.59,16.25,0.14,72.13
9/1/1980,58.82,13.4,0.54,129.82
10/1/1980,51.84,10.9,1.31,93.73
11/1/1980,42.23,6.01,1.29,90.88
12/1/1980,38.2,4.24,6.59,233.63
1/1/1981,37.47,3.6,8.83,262.91
2/1/1981,37.16,3.82,3.67,362.23
3/1/1981,38.57,3.92,6.08,406.73
4/1/1981,46.65,7.34,1.8,385.54
5/1/1981,51.89,8.53,2.16,280.56
6/1/1981,62.23,15.37,0.09,118.65
7/1/1981,66.2,19.77,0,88.89
8/1/1981,67.53,21.36,0,76.16
9/1/1981,61.26,15.92,1.5,77.72
10/1/1981,46.17,6.59,6.65,147
11/1/1981,41.57,3.8,17.62,1240.39
12/1/1981,37.69,2.83,11.57,1326.31
1/1/1982,32,2.63,6.55,654.97
2/1/1982,36.08,3.56,6.18,1146.29
3/1/1982,35.24,2.88,9.85,883.28
4/1/1982,39.22,5.03,9.19,1689.18
5/1/1982,52.53,10.15,0.33,998.5
6/1/1982,56.41,10.1,1.35,441.83
7/1/1982,62.83,14.49,0.47,220.92
8/1/1982,64.76,16.46,0.19,125.89
9/1/1982,56.3,10.99,2.47,123.41
10/1/1982,47.3,6.33,6.46,213.24
11/1/1982,36.23,3.29,8.63,349.74
12/1/1982,32.02,2.66,8.58,633.16
1/1/1983,34.97,3.39,9.58,712.6
2/1/1983,35.8,2.94,14.38,1196.48
3/1/1983,36.47,2.46,15.81,2028.93
4/1/1983,38.04,4.02,5.42,1024.04
5/1/1983,50.31,9.35,1.23,1426.71
6/1/1983,56.88,11.06,1.12,1121.71
7/1/1983,60.16,14.22,0.1,367.98
8/1/1983,64.16,14.43,0.61,197.33
9/1/1983,59.91,13.17,1.65,145.98
10/1/1983,51.61,7.4,2.82,156.1
11/1/1983,37.78,2.57,15.33,747.03
12/1/1983,34.41,1.71,15.39,1397.88
1/1/1984,35.46,4.07,0.75,595.06
2/1/1984,35.75,3.92,5.82,494.77
3/1/1984,41.7,5.27,4.27,710.73
4/1/1984,41.87,5.66,2.76,512.92
5/1/1984,53.93,10.37,0.94,510.64
6/1/1984,57.29,11.95,1.24,278.06
7/1/1984,68.76,19.07,0.35,154.28
8/1/1984,66,17.45,0.74,98.07
9/1/1984,61.94,15.28,0.5,111.31
10/1/1984,45.6,6.09,3.22,130.68
11/1/1984,36.04,2.98,11.31,324.12
12/1/1984,32,2.67,2.32,194.81
1/1/1985,33.44,3.92,1.51,157.98
2/1/1985,35.08,4.82,4.61,239.27
3/1/1985,34.48,4.1,6.38,328.8
4/1/1985,48.08,8.83,0.6,559.82
5/1/1985,50.92,9.12,0.25,290.17
6/1/1985,62.99,15.66,0.16,131.52
7/1/1985,68.3,18.65,0.24,101.55
8/1/1985,63.9,16.5,0.09,83.72
9/1/1985,54.44,9.96,2.36,99.13
10/1/1985,49.08,8.31,1.59,92.59
11/1/1985,34.74,3.64,6.6,139.58
12/1/1985,33.68,3.66,3.92,198.72
1/1/1986,39.55,4,7.88,517.79
2/1/1986,37.88,3.26,23.23,2677.1
3/1/1986,43.26,5.14,8.78,1489.44
4/1/1986,44.25,5.74,2.05,584.06
5/1/1986,51.28,9.65,2.09,445.86
6/1/1986,61.3,13.46,0.13,223.91
7/1/1986,63.75,14.94,0.24,132.61
8/1/1986,67.88,20.08,0.03,100.54
9/1/1986,52.67,9.33,5.38,157.9
10/1/1986,49.53,7.72,0.83,121.7
11/1/1986,42.84,6.17,0.7,104.25
12/1/1986,36.15,3.7,1.69,119.89
1/1/1987,32,2.74,5.89,171.68
2/1/1987,35.29,3.65,5.75,312.6
3/1/1987,37.51,3.99,6.79,582.86
4/1/1987,49.93,9.41,0.58,298.87
5/1/1987,53.91,8.99,1,190.24
6/1/1987,61.35,14.2,0.29,107.22
7/1/1987,61.69,14.68,0.42,79.79
8/1/1987,66.52,20.09,0,73.38
9/1/1987,61.8,17.12,0.03,64.62
10/1/1987,56.16,11.93,0.96,64.07
11/1/1987,40.73,3.88,2.44,85.49
12/1/1987,32,2.07,10.88,352.86
1/1/1988,32.07,2.88,5.9,289.6
2/1/1988,39.22,5.75,1.05,185.08
3/1/1988,41.57,6.13,1.28,250.88
4/1/1988,45.64,6.29,3.24,238.06
5/1/1988,48.83,8,2.08,220.49
6/1/1988,58.83,11.91,1.19,138.9
7/1/1988,69.96,20.81,0.37,92.77
8/1/1988,68.18,19.73,0.03,74.87
9/1/1988,61.78,17.76,0.05,55.69
10/1/1988,57.12,13.28,0.44,58.05
11/1/1988,38.36,2.83,11.09,242.71
12/1/1988,32.75,3.4,4.72,120.44
1/1/1989,32,2.77,2.84,141.54
2/1/1989,32,2.91,3.26,204.88
3/1/1989,39.2,3.44,15.38,1516.55
4/1/1989,48.04,8.03,2.14,682.64
5/1/1989,50.36,7.62,1.66,308.51
6/1/1989,59.67,11.13,1.02,161.77
7/1/1989,64.57,17.06,0,80.02
8/1/1989,61.7,14.05,0.79,78.2
9/1/1989,58.06,12.09,2.72,91.91
10/1/1989,47.46,7.39,6.52,152.18
11/1/1989,41.46,5.64,3.41,132.16
12/1/1989,37.74,5.57,0.06,68.08
1/1/1990,32.77,3.07,6.89,250.38
2/1/1990,32,2.98,5.45,171.72
3/1/1990,39.83,4.85,2.75,397.66
4/1/1990,48.41,6.62,1.42,317.71
5/1/1990,48.73,7.23,4.98,216.61
6/1/1990,56.5,11.53,0.65,212.01
7/1/1990,66.75,16.6,0.27,95.47
8/1/1990,64.31,15.9,0.53,70.97
9/1/1990,60.28,14.21,0.96,86.07
10/1/1990,52.53,10.82,0.8,40.22
11/1/1990,39.78,5.88,1.56,66.03
12/1/1990,32,3.59,1.72,61.8
1/1/1991,34.78,4.44,0.9,69.43
2/1/1991,43.04,6.23,2.4,96.99
3/1/1991,33.22,2.81,16.34,538.96
4/1/1991,41.37,5.57,1.86,397.28
5/1/1991,46.52,6.46,2.39,363.6
6/1/1991,55.86,11.24,1.14,186.38
7/1/1991,67.71,17.86,0.78,104.13
8/1/1991,64.56,15.44,0.55,73.34
9/1/1991,64.29,17.65,0.21,58.39
10/1/1991,55.19,13.28,2.64,60.42
11/1/1991,42.21,5.28,2.64,71.61
12/1/1991,34.75,3.64,3.83,89.48
1/1/1992,34.69,3.78,2.42,100.83
2/1/1992,38.62,3.1,9.63,385.73
3/1/1992,41.22,4.28,3.69,342.58
4/1/1992,48.55,7.29,2.28,370.29
5/1/1992,58.28,12.25,0.42,171.78
6/1/1992,60.26,12.09,1.75,96.95
7/1/1992,64.22,14.46,0.52,86.47
8/1/1992,67.86,20.43,0.26,65.89
9/1/1992,61.44,15.66,0.03,55.51
10/1/1992,54.01,9.8,3.47,72.95
11/1/1992,40.04,4.68,1.35,67
12/1/1992,32,2.19,12.29,230.86
1/1/1993,32,2.08,15.52,672.22
2/1/1993,32,1.79,9.86,565.94
3/1/1993,42.17,3.42,5.53,1361.14
4/1/1993,42.62,4.59,3.45,950.48
5/1/1993,51.54,7.46,2.42,905.08
6/1/1993,56.17,11.15,2.71,520.64
7/1/1993,62.24,14.05,0.03,166.62
8/1/1993,63.99,15.93,0.47,107.33
9/1/1993,60.4,15.58,0.06,93.24
10/1/1993,51.98,7.98,3.25,99.45
11/1/1993,39.32,5.52,2.39,95.62
12/1/1993,33.75,2.33,5.48,153.72
1/1/1994,36.29,3.72,2.7,152.4
2/1/1994,32.67,2.73,7.86,226.42
3/1/1994,42.44,5.64,1.64,329.76
4/1/1994,45.49,6.59,2.14,271.28
5/1/1994,52.07,7.68,2.3,250.11
6/1/1994,59.21,14.53,0.17,107.58
7/1/1994,70.04,21.79,0.02,76.95
8/1/1994,66.7,21.46,0,65.96
9/1/1994,61.54,15.94,0.48,62.07
10/1/1994,49.35,8.36,0.75,60.23
11/1/1994,32.39,2.61,7.8,103.7
12/1/1994,32.69,2.22,7.16,204.04
1/1/1995,33.77,1.21,24.06,1520.72
2/1/1995,42.08,5.25,2.17,606.25
3/1/1995,36.45,2.48,20.82,2282.68
4/1/1995,40.83,4.47,7.91,1337.53
5/1/1995,48.37,6.16,5.55,1682.17
6/1/1995,55.73,9.59,3.3,869.99
7/1/1995,63.87,14.36,0.38,353.76
8/1/1995,65.25,17.87,0,153.15
9/1/1995,62.43,15.71,0,105.28
10/1/1995,52.82,11.65,0.07,104.41
11/1/1995,46.68,6,0.5,107.62
12/1/1995,36.83,2.27,11.16,351.05
1/1/1996,35.86,2.8,11.41,460.22
2/1/1996,37.58,2.96,12.77,1279.22
3/1/1996,39.88,4.47,5.62,857.39
4/1/1996,44.33,6.03,5.3,882.22
5/1/1996,50.29,7.87,6.61,1018.2
6/1/1996,60.66,13.13,0.35,337.32
7/1/1996,70.26,19.2,0.5,170.33
8/1/1996,68.61,20.26,0.27,110.92
9/1/1996,59.11,14.46,1.13,103.96
10/1/1996,50.09,9.89,2.05,105.28
11/1/1996,41.9,4.34,5.66,222.98
12/1/1996,35.89,2.37,22.73,1506.3
1/1/1997,34.82,2.3,17.4,2539.49
2/1/1997,37.34,3.91,0.75,530.45
3/1/1997,43.08,6.14,2.65,532.06
4/1/1997,44.57,5.93,2.34,496.54
5/1/1997,55.9,10.85,0.9,325.35
6/1/1997,58.43,10.73,1.87,187.09
7/1/1997,65.3,16.67,0.42,116.11
8/1/1997,65.41,17.27,0.5,100.94
9/1/1997,60.16,12.94,0.91,91.79
10/1/1997,49.04,8.16,2.84,103.43
11/1/1997,41.82,3.96,7.18,192.24
12/1/1997,33.14,2.97,4.64,232.76
1/1/1998,34.64,1.8,15.26,970.34
2/1/1998,32.1,1.16,16.93,1116.98
3/1/1998,38.72,3.76,5.3,981.21
4/1/1998,40.23,4.78,3.93,886.44
5/1/1998,43.01,3.33,6.71,1081.94
6/1/1998,55.84,8.18,2.14,976.94
7/1/1998,67.69,16.95,0.34,369.71
8/1/1998,67.96,20.73,0.03,161.16
9/1/1998,61.61,12.87,1.71,125.97
10/1/1998,48.05,7.38,1.28,128.69
11/1/1998,37.98,2.74,9.88,338.9
12/1/1998,32.03,3.41,5.02,419.99
1/1/1999,36.04,3.65,7.89,567.84
2/1/1999,33.68,2.33,12.79,952.12
3/1/1999,37.37,3.63,4.67,810.59
4/1/1999,41.27,6.05,2.96,682.72
5/1/1999,51.25,9.17,0.8,694.64
6/1/1999,58.4,12.67,0.63,319.43
7/1/1999,65.64,18.4,0.12,145.84
8/1/1999,64.07,15.84,0.42,116.81
9/1/1999,63.1,17.61,0.16,100.15
10/1/1999,54.92,13.31,2.31,97.78
11/1/1999,44.1,5.57,4.46,150.97
12/1/1999,36.55,4.42,1.66,122.89
1/1/2000,34.91,2.29,11.21,432.28
2/1/2000,36.94,2.32,15.97,978
3/1/2000,40.33,4.56,3.66,761.35
4/1/2000,47.16,6.86,2.65,698.41
5/1/2000,52.28,8.74,1.87,488.08
6/1/2000,62.83,15.51,0.44,207.81
7/1/2000,64.29,16.96,0.01,131.32
8/1/2000,67.25,20.18,0.01,93.92
9/1/2000,59.49,13.75,0.65,82.17
10/1/2000,49.84,8.57,3.76,110.61
11/1/2000,37.06,4.02,1.68,96.4
12/1/2000,38.34,4.41,2.22,122.72
1/1/2001,33.35,3.87,3.88,137.81
2/1/2001,32.59,2.8,7.75,211.54
3/1/2001,43.27,5.37,3.48,396.48
4/1/2001,41.07,5.36,2.96,338.61
5/1/2001,59.97,14.68,0.12,297
6/1/2001,61.3,15.43,0.36,107.06
7/1/2001,67.16,18.45,0.27,85.96
8/1/2001,68.55,21.62,0,70.96
9/1/2001,63.36,15.97,0.66,65.45
10/1/2001,56.2,13,1.28,62.71
11/1/2001,41.84,4.12,7.57,170.77
12/1/2001,32.68,1.59,11.08,365.57
1/1/2002,32.46,2.75,4.64,492.4
2/1/2002,38.77,4.59,2.79,304.06
3/1/2002,37.89,5.02,4.53,446.2
4/1/2002,46.48,6.55,1.79,506.28
5/1/2002,50.81,8.58,1.2,341.32
6/1/2002,62.19,14.77,0.08,160.62
7/1/2002,70.59,21.2,0.12,95.03
8/1/2002,66.93,20.01,0,74.98
9/1/2002,62.23,17.6,0,64.39
10/1/2002,51.32,10.9,0.03,52.58
11/1/2002,42.88,5.95,6.2,134.62
12/1/2002,35.02,2.19,18.33,661.92
1/1/2003,41.02,3.51,5.17,742.83
2/1/2003,36.44,3.88,2.54,369.9
3/1/2003,40.48,4.24,4.95,568.63
4/1/2003,37.97,3.28,8.15,638.72
5/1/2003,51.75,9.04,2.17,839.32
6/1/2003,63.47,15.2,0.08,347.49
7/1/2003,70.61,21.36,0.12,135.46
8/1/2003,65.4,15.81,1.25,116.94
9/1/2003,64.69,18.75,0.07,84.19
10/1/2003,56.71,13.41,0.12,73.79
11/1/2003,36.34,3.01,3.36,105.86
12/1/2003,34.43,1.92,12.84,399.13
1/1/2004,34.16,2.58,4.92,322.91
2/1/2004,34.14,2.43,11.74,782.76
3/1/2004,47.12,7.42,1.7,723.63
4/1/2004,46.89,7.64,1.14,518.78
5/1/2004,52.17,9.03,1.3,405.15
6/1/2004,61.55,14.09,0.35,191.51
7/1/2004,68.23,18.65,0.17,109.11
8/1/2004,66.8,19.29,0.07,92.31
9/1/2004,60.59,16.75,0.31,75.18
10/1/2004,49.07,8.91,5.69,124.38
11/1/2004,39.54,4.27,2.33,109.42
12/1/2004,36.17,3.74,7.5,233.31
1/1/2005,34.45,3.04,7.27,299.21
2/1/2005,38.24,3.36,3.27,326.24
3/1/2005,41.4,5.27,7.61,684.2
4/1/2005,42.56,5.33,3.09,597.63
5/1/2005,50.72,7.1,6.63,1116.45
6/1/2005,54.99,9.65,2.04,393.38
7/1/2005,70.81,20.21,0,171.74
8/1/2005,68.26,20.68,0.02,111.53
9/1/2005,58.09,13.28,0.6,98.99
10/1/2005,51.14,8.73,1.15,85.33
11/1/2005,43.09,5.23,4.66,143.85
12/1/2005,37.03,2.35,20.16,1353.41
1/1/2006,35.2,2.42,9.2,1023.43
2/1/2006,37.73,4.87,6.52,724.73
3/1/2006,32.62,2.13,10.72,1133.09
4/1/2006,42.44,4.01,10.31,1706.16
5/1/2006,54.66,9.93,1.26,1206.27
6/1/2006,63.55,15.39,0.32,421.79
7/1/2006,70.81,21.89,0.13,193.05
8/1/2006,65.69,18.88,0,126.89
9/1/2006,61.57,17.38,0.01,94.26
10/1/2006,50.45,9.28,0.38,97.69
11/1/2006,40.54,3.7,4.11,138.27
12/1/2006,35.5,3.6,6.1,283.14
1/1/2007,33.3,4.48,0.83,181.02
2/1/2007,37.28,3.48,11.37,466.97
3/1/2007,44.38,6.68,1.28,441.14
4/1/2007,45.82,6.99,2.47,309.5
5/1/2007,54.7,11.71,0.96,225.48
6/1/2007,61.09,14.96,0.52,109.61
7/1/2007,69.06,20.46,0.38,114.32
8/1/2007,67.8,20.63,0.04,93.19
9/1/2007,58.52,13.55,0.71,80.06
10/1/2007,48.04,6.8,3.08,90.99
11/1/2007,44.47,6.44,0.95,74.42
12/1/2007,32,2.56,5.08,115.76
1/1/2008,32,2.41,10.52,228.5
2/1/2008,35.46,3.83,6.01,238.79
3/1/2008,39.51,5.06,1.42,363.69
4/1/2008,42.95,7.07,0.58,357.86
5/1/2008,52.56,9.89,0.97,417.72
6/1/2008,60.89,15.94,0.01,144.68
7/1/2008,68.82,21.03,0.01,88.45
8/1/2008,69.41,21.92,0.01,65.68
9/1/2008,63.36,19.21,0.02,52
10/1/2008,52.45,11.17,1.99,64.41
11/1/2008,44.79,5.12,4.71,127.17
12/1/2008,33.22,3.43,4.93,113.05
1/1/2009,38.32,4.97,2.87,171.95
2/1/2009,35.52,3.18,9.94,476.04
3/1/2009,38.12,4.46,7.22,777.35
4/1/2009,44.29,7.24,0.82,409.58
5/1/2009,56.24,11.62,4.21,606.69
6/1/2009,58.35,11.32,1.39,176.13
7/1/2009,69.2,21.99,0.08,85.31
8/1/2009,66.76,19.63,0.17,77.84
9/1/2009,65.38,19.55,0.1,61.29
10/1/2009,48.75,7.7,3.57,93.12
11/1/2009,42.15,5.68,2.02,74.99
12/1/2009,32.12,2.92,4.88,113.09
1/1/2010,36.42,2.36,11,347.66
2/1/2010,37.66,3.25,5.13,314.85
3/1/2010,39.14,5.39,4.82,437.68
4/1/2010,39.86,4.65,6.25,618.02
5/1/2010,45,6.41,2.76,682.92
6/1/2010,58.93,11.71,0.31,548.8
7/1/2010,68.76,19.49,0.15,180.96
8/1/2010,65.22,18.23,0.14,93.71
9/1/2010,61.87,16.23,0.08,79.94
10/1/2010,52.72,8.58,5.99,136.22
11/1/2010,38.9,4.52,5.96,153.04
12/1/2010,35.88,2.02,13.6,787.04
1/1/2011,37.2,4.36,1.6,361.51
2/1/2011,33.48,3.84,7.73,372.83
3/1/2011,35.96,2.55,13.67,1111.09
4/1/2011,41.56,5.05,2.81,1165.02
5/1/2011,46.18,6.56,3.67,983.31
6/1/2011,56.19,10.21,3.11,906.05
7/1/2011,65.46,15.86,0.02,351.45
8/1/2011,67.37,19.04,0,147.18
9/1/2011,65.49,18.15,0.34,104.04
10/1/2011,52.21,8.51,3.03,124.02
11/1/2011,39.11,4.27,1.78,118.28
12/1/2011,36.14,5.03,0.23,84.93
1/1/2012,38.08,5.02,6.29,186.69
2/1/2012,36.93,4.31,1.9,156.09
3/1/2012,37.54,3.69,11.99,679.95
4/1/2012,44.84,6.25,5.59,693.64
5/1/2012,53.76,10.93,0.4,399.46
6/1/2012,59.23,14.02,0.87,150.46
7/1/2012,67.44,18.98,0.11,113.28
8/1/2012,70.7,23.3,0.05,89.82
9/1/2012,65.8,19.41,0.02,62.76
10/1/2012,53.78,10.68,2.11,73.82
11/1/2012,43.44,4.91,9.31,282.1
12/1/2012,32.78,2.05,16.05,950.46
1/1/2013,32.74,3.96,1.3,270.65
2/1/2013,37.06,5.05,0.64,233.84
3/1/2013,43.84,6.22,2.68,415.33
4/1/2013,47.96,8.23,1.45,350.78
5/1/2013,53.35,9.65,1.21,174.83
6/1/2013,62.49,15.07,1.18,138.12
7/1/2013,71.7,22.3,0.23,91.93
8/1/2013,66.23,18.28,0.15,77.79
9/1/2013,59.95,13.03,1.53,70.03
10/1/2013,49.65,9.54,0.75,76.87
11/1/2013,44.06,6.36,1.5,79.53
12/1/2013,34.97,4.98,0.54,73.92
1/1/2014,41.73,6.53,1.06,78.37
2/1/2014,39.25,3.91,8.47,257.51
3/1/2014,42.68,5.38,8.66,460.91
4/1/2014,46.65,7.29,1.67,289.83
5/1/2014,54.45,11.39,0.59,125.94
6/1/2014,62.44,16.27,0.06,79.84
7/1/2014,72.49,22.25,0.27,73.08
8/1/2014,67.42,17.38,1.06,68.1
9/1/2014,63.35,15.99,0.86,56.6
10/1/2014,54.84,11.12,1.9,53.78
11/1/2014,43.67,5.26,3.48,89.52
12/1/2014,37.53,1.91,13.06,594.58
1/1/2015,41.86,5.08,0.16,177.86
2/1/2015,44.68,6.06,5.62,442.11
3/1/2015,47.19,7.53,0.86,157.1
4/1/2015,46.06,7.69,1.97,121.39
5/1/2015,52.34,8.28,1.36,97.14
6/1/2015,66.17,17.68,0.39,84.95
7/1/2015,67.64,16.76,1.06,74.82
8/1/2015,68.33,19.85,0.15,66.16
9/1/2015,63.54,17.69,0.27,56.33
10/1/2015,56.34,10.5,1.31,58.32
11/1/2015,37.73,3.94,3.44,66.9
12/1/2015,32.55,1.91,8.96,229.29
1/1/2016,34.65,2.08,12.97,677.39
2/1/2016,42.47,5.75,2.35,433.87
3/1/2016,41.57,4.11,14.08,1511.14
4/1/2016,48.45,7,2.22,542.78
5/1/2016,52.43,7.91,2.08,355.83
6/1/2016,63.02,15.85,0.6,155.11
7/1/2016,67.83,20.02,0,82.81
8/1/2016,69.42,21.96,0.04,68.95
9/1/2016,62.32,16.5,0.04,66.32
10/1/2016,49.49,6.87,8.68,182.03
11/1/2016,42.65,4.59,4.31,190.91
12/1/2016,34.12,2.98,10.14,784.42
1/1/2017,32,1.93,20.58,1598.17
2/1/2017,36.41,2.37,19.44,2919.94
3/1/2017,42.07,4.83,5.66,1215.98
4/1/2017,42.97,4.95,7.74,1513.37
5/1/2017,55.02,10.77,0.49,939.67
6/1/2017,63.02,14.71,0.73,406.94
7/1/2017,71.1,21.5,0.03,196.84
8/1/2017,72.09,20.99,0.23,127.68
9/1/2017,61.49,14.66,0.66,95.39
10/1/2017,52.11,10.84,0.73,98.98
11/1/2017,42.7,3.55,9.93,257.22
12/1/2017,39.37,5.68,0.6,155.7
1/1/2018,39.52,3.35,6.37,338.08
2/1/2018,36.27,5.15,0.78,180.76
3/1/2018,36.56,3.53,12.27,877.64
4/1/2018,46.34,6.79,4.59,791.41
5/1/2018,54.28,8.33,1.59,273.88
6/1/2018,61.75,14.88,0.26,143.05
7/1/2018,72.23,21.77,0.07,103.5
8/1/2018,68.99,21.18,0,95.59
9/1/2018,62.66,17.6,0,73.46
10/1/2018,51.95,9.32,0.9,67.39
11/1/2018,44.45,7.14,4.79,103.85
12/1/2018,35.54,2.8,3.78,163.29
1/1/2019,37.26,3.31,11.53,560.46
2/1/2019,32,1.63,18.89,957.4
3/1/2019,37.41,3.38,7.7,1172.59
4/1/2019,48.65,6.89,2.85,1336.25
5/1/2019,49.68,6.95,4.87,905.44
6/1/2019,61.97,13.8,0.35,469.29
7/1/2019,66.75,16.56,0.02,199.39
8/1/2019,68.77,18.86,0.03,125.1
9/1/2019,59.12,12.58,2.1,110.14
10/1/2019,47.49,8.96,0.29,97.92
11/1/2019,45.99,8.13,1.18,100.4
12/1/2019,35.4,2.17,9.63,325.6
1/1/2020,36.33,2.81,3.87,257.16
2/1/2020,41.13,6.41,0.01,180.25
3/1/2020,37.56,3.92,5,215.46
4/1/2020,47.23,6.87,2.26,406.84
5/1/2020,53.58,9.81,3.15,295.13
6/1/2020,60.65,13.73,0.35,139.11
7/1/2020,69.61,20.16,0.16,94.89
8/1/2020,71.7,21.09,0.09,77.76
9/1/2020,66.72,19.41,0,61.78
10/1/2020,58.91,15.55,0,73.44
11/1/2020,41.54,6.31,3.26,69.62
12/1/2020,37.44,4.38,3.59,107.8
1/1/2021,35.44,3.19,4.72,142.79
2/1/2021,36.17,3.87,3.41,201.63
3/1/2021,37.27,4.63,3.28,213.78
4/1/2021,48.05,9,0.6,219.6
5/1/2021,54.78,11.44,0.27,136.86
6/1/2021,66.97,19.16,0.14,88.62
7/1/2021,73.54,24.02,0.09,70.11
8/1/2021,70.02,21.63,0.02,56.39
9/1/2021,64.74,18.23,0.58,56.28
